channel_idx,mean_abs_activation
184,2.8134208
216,2.48826
595,2.3862617
688,2.3068435
561,2.031997
756,1.9387237
574,1.877935
581,1.8142878
645,1.7317266
268,1.6906394
555,1.6479404
25,1.6304991
734,1.6051139
497,1.5959053
37,1.5852119
224,1.4633478
628,1.4203293
122,1.372829
173,1.3686874
496,1.333025
468,1.32607
366,1.2882733
353,1.2708044
84,1.2657719
531,1.2432207
431,1.2431775
293,1.234447
69,1.217802
453,1.2011849
128,1.1848097
480,1.1716601
537,1.1699272
228,1.1692607
642,1.1577045
324,1.1550956
243,1.1549112
376,1.1453793
707,1.1335572
382,1.1330705
310,1.1329088
741,1.1267425
390,1.1232946
285,1.1184236
39,1.1174904
414,1.1013094
215,1.0973696
705,1.0940989
202,1.0837897
0,1.0818701
702,1.0797608
432,1.0767431
447,1.0750102
717,1.0703976
735,1.0655671
543,1.0638121
196,1.0578462
18,1.0451187
186,1.0386004
207,1.0326264
699,1.0318166
308,1.0303733
711,1.0288482
646,1.026182
708,1.0200227
672,1.0179641
656,1.0152742
134,1.0121174
521,1.0114677
514,1.0043619
557,1.00169
475,1.0009921
157,0.99768656
159,0.9921282
129,0.988548
415,0.98669666
107,0.98640496
242,0.9852443
371,0.9832023
267,0.9821755
321,0.98004735
98,0.979705
634,0.9768244
721,0.9681353
351,0.96733326
516,0.9642668
14,0.9594163
737,0.9593062
59,0.9577838
608,0.9569259
126,0.95689446
618,0.9559143
151,0.95215905
88,0.9397135
352,0.9329811
345,0.9307772
629,0.9251375
582,0.9240052
217,0.92312366
379,0.92252576
76,0.92201287
223,0.9217992
552,0.91962963
248,0.91904473
593,0.91632915
110,0.9154749
731,0.91544807
56,0.91156274
457,0.9115585
539,0.9089976
258,0.9085395
112,0.9083375
198,0.9053886
294,0.9048762
567,0.90410936
209,0.9030306
381,0.90240467
439,0.89993584
239,0.8997293
454,0.89944524
337,0.898576
79,0.8980638
729,0.89685994
373,0.89282054
360,0.8921061
452,0.8920156
123,0.8917782
299,0.89026445
49,0.8892864
579,0.8854006
280,0.8847315
254,0.8843892
437,0.8820699
639,0.8818911
139,0.8814209
615,0.8806553
385,0.87955415
273,0.87943643
594,0.8754281
752,0.8754172
660,0.8751226
149,0.8745307
155,0.87185955
241,0.8717965
743,0.87118584
314,0.8678785
218,0.8664274
89,0.8657478
174,0.8655724
357,0.865431
343,0.8640014
60,0.85879904
182,0.85832804
726,0.85811216
692,0.857194
307,0.8551643
270,0.8536548
43,0.8521965
515,0.85132897
626,0.85086006
208,0.8506124
398,0.8499872
592,0.8480709
456,0.8474421
577,0.8464019
409,0.84602976
244,0.8442334
607,0.84362763
283,0.84348357
512,0.8430687
683,0.8419697
401,0.8397595
486,0.83902645
82,0.83811295
368,0.8378023
638,0.8369907
269,0.8354011
103,0.8352324
522,0.8333901
498,0.8324464
680,0.83225346
724,0.8321099
584,0.8309063
535,0.8291105
546,0.8271102
448,0.8260428
322,0.8240817
158,0.8229526
380,0.8228448
696,0.82238936
17,0.82126874
370,0.8205421
187,0.81932217
334,0.8170406
508,0.81517553
562,0.8148949
750,0.81399095
152,0.8137992
393,0.8133622
753,0.81003207
651,0.809935
732,0.80987936
686,0.8089786
636,0.80319214
238,0.8022194
169,0.8020555
339,0.80162597
264,0.8012177
649,0.8011614
575,0.80095494
738,0.8007009
416,0.80066323
484,0.8001171
754,0.79994184
1,0.7986315
192,0.79834455
206,0.79814017
31,0.79742545
75,0.7960512
117,0.79540294
391,0.79451007
698,0.7931709
727,0.79181826
653,0.7890234
766,0.7877558
28,0.7875586
284,0.78738064
387,0.7862564
604,0.7861737
418,0.78609025
706,0.78509617
87,0.7840638
563,0.78343767
326,0.7833245
16,0.7832113
251,0.7829298
433,0.7825863
530,0.7821108
444,0.7816777
722,0.7798326
568,0.7795399
476,0.7795117
461,0.77949804
252,0.7793344
237,0.778274
463,0.7773457
257,0.77728957
759,0.7763683
572,0.7761928
99,0.7759716
689,0.7759537
148,0.77371955
458,0.7723257
573,0.7721703
21,0.76982725
170,0.76930976
104,0.7686435
240,0.7676952
571,0.7661428
281,0.7651449
278,0.7649163
612,0.76461244
212,0.7642722
7,0.76407176
536,0.7628075
172,0.76280683
700,0.7624448
86,0.7622976
402,0.76110655
189,0.7601672
276,0.7588626
494,0.75836235
20,0.75823075
442,0.7577891
590,0.7575816
490,0.7572226
275,0.7571182
146,0.75703055
386,0.75583166
650,0.7552935
355,0.7544204
137,0.75327975
540,0.75293493
377,0.7526382
330,0.7524221
570,0.7514611
428,0.7510443
559,0.7503162
11,0.75010043
554,0.74680835
211,0.74652255
619,0.74605656
472,0.74569166
124,0.7456408
631,0.74429363
105,0.7442569
566,0.74390155
61,0.7438292
492,0.74354833
493,0.7430676
553,0.7407188
19,0.7402388
407,0.73904365
143,0.73832816
156,0.7380831
478,0.73699695
2,0.7368872
697,0.7366902
175,0.7366871
109,0.7362148
362,0.73560005
502,0.73480815
91,0.73473006
210,0.73470455
481,0.73332745
647,0.73331463
761,0.7331289
748,0.73298764
245,0.73248273
599,0.7312285
153,0.73012024
180,0.7287361
289,0.7284348
691,0.728106
344,0.7277046
583,0.7272315
549,0.7271981
96,0.7269159
350,0.72648466
733,0.72614884
40,0.7252382
265,0.72497267
62,0.7236146
50,0.7230336
23,0.7228019
131,0.7223112
90,0.72228384
369,0.72191685
389,0.7213638
272,0.7202482
576,0.719692
234,0.7192856
661,0.7192147
95,0.7189506
195,0.71715075
35,0.7171159
81,0.7171056
338,0.7167459
633,0.7155929
197,0.715346
426,0.71416736
291,0.7138074
483,0.71300054
600,0.71005505
427,0.7097448
440,0.70912486
609,0.7090769
436,0.7090204
622,0.7086744
765,0.70801675
678,0.707965
665,0.7074288
591,0.70722455
625,0.70709324
342,0.70595884
361,0.70586985
26,0.7055963
5,0.70553064
47,0.7040604
181,0.70401424
222,0.7039268
580,0.70375854
764,0.7037287
331,0.70294875
171,0.7025631
662,0.7022524
425,0.70200205
728,0.70156205
372,0.70076287
161,0.69994575
97,0.69979024
250,0.69918233
510,0.69829184
632,0.6974011
610,0.69738555
755,0.69718176
64,0.6970556
327,0.69681436
300,0.6965649
375,0.6961572
367,0.69511485
121,0.694995
505,0.6945199
671,0.69446117
45,0.6943969
710,0.6939689
644,0.69390965
504,0.6938306
230,0.69358087
422,0.69331145
693,0.69324064
714,0.69275963
417,0.69255364
190,0.6920396
474,0.6919415
329,0.688873
587,0.6884433
544,0.6875865
282,0.6872071
183,0.68710434
720,0.6867143
328,0.6859299
471,0.68490994
194,0.6846263
178,0.684037
325,0.6836103
459,0.6827009
93,0.68261117
635,0.6823711
527,0.6818865
507,0.6813533
491,0.68111604
358,0.6810945
749,0.68076473
213,0.6803223
305,0.6801967
288,0.67988205
71,0.6797278
297,0.6787735
667,0.6785246
716,0.6782918
274,0.67798775
365,0.6773806
36,0.67587286
116,0.67563814
605,0.67531633
301,0.6752516
747,0.6750118
423,0.6744239
532,0.67432994
138,0.67238456
42,0.67229867
713,0.67144597
22,0.67139727
356,0.67128503
48,0.6705956
556,0.67042863
736,0.66988134
603,0.66922086
364,0.6682377
499,0.6680218
232,0.6678036
395,0.66741705
525,0.6672025
542,0.66717106
394,0.66715974
470,0.66693145
318,0.66621166
464,0.66599756
114,0.66575694
611,0.66562355
627,0.665299
601,0.6649469
306,0.6647414
589,0.6645475
685,0.6644297
719,0.66333866
757,0.66274685
506,0.6626085
621,0.6625351
51,0.6617983
684,0.6612254
403,0.66059005
27,0.6600775
313,0.65991443
225,0.65931547
674,0.65822816
163,0.6581141
596,0.6569891
443,0.65689784
526,0.6563594
723,0.6562622
80,0.656247
742,0.6559884
606,0.65580654
67,0.6557665
55,0.6551949
545,0.65515834
52,0.65479535
304,0.654757
701,0.6542828
520,0.6528813
524,0.65277785
57,0.6521511
6,0.6518035
70,0.65148455
397,0.6507879
168,0.65034187
106,0.6501696
193,0.65012866
354,0.6498853
348,0.6498381
449,0.6486482
648,0.6484737
63,0.64836234
588,0.64833033
762,0.6483278
518,0.64831203
465,0.64765066
4,0.6473742
763,0.64670306
133,0.64667237
503,0.6463034
624,0.6456616
681,0.6456057
666,0.64558566
8,0.64549655
519,0.6453644
73,0.6449601
663,0.6441259
620,0.6439466
751,0.6434441
102,0.64326584
287,0.64320135
657,0.64305985
614,0.64247084
598,0.6423846
188,0.64207625
10,0.6416499
130,0.6415208
203,0.63935286
111,0.6393032
509,0.6392327
24,0.6390103
744,0.6382802
517,0.63816506
652,0.63807595
730,0.63765186
500,0.6375249
462,0.6374585
446,0.63600725
558,0.6342177
712,0.63383436
185,0.6338207
142,0.6334531
92,0.6321134
467,0.6310865
664,0.631072
718,0.6308156
378,0.6307599
219,0.629653
349,0.62881476
690,0.6281435
261,0.6273444
541,0.626294
473,0.62603766
220,0.62553006
204,0.6252524
670,0.62502164
320,0.62501013
511,0.6248925
392,0.6247967
725,0.62459403
396,0.62391263
363,0.6235815
30,0.62356746
125,0.6235123
236,0.6234304
78,0.6229531
249,0.6228547
120,0.6222969
309,0.62223077
340,0.62162733
68,0.6214898
246,0.6214056
585,0.6211373
551,0.62080157
316,0.62058175
296,0.62040854
29,0.6202117
167,0.620183
266,0.6182186
451,0.61805445
315,0.61783075
164,0.6170916
675,0.61688983
199,0.6165619
441,0.6164484
640,0.6164279
746,0.61557484
412,0.6155696
83,0.61488867
404,0.61479753
292,0.61444867
72,0.61424524
231,0.61394274
66,0.6133661
33,0.6126463
113,0.61251646
34,0.6124
229,0.6119364
135,0.611096
709,0.61108243
455,0.6106546
534,0.61064947
429,0.61032915
298,0.6090345
214,0.6085705
286,0.60806614
141,0.6067263
739,0.60665226
77,0.60636693
226,0.60598516
118,0.6051331
682,0.6050748
677,0.60507417
538,0.6044029
523,0.6039811
162,0.6039658
346,0.60354996
145,0.6035389
655,0.6033584
201,0.60330224
676,0.6025354
548,0.6025334
487,0.60249114
150,0.6019787
602,0.6017983
295,0.6011333
85,0.60058445
332,0.60018694
336,0.5996412
388,0.59918517
32,0.5991827
132,0.59918076
482,0.59907544
460,0.598653
424,0.59845144
758,0.59844714
9,0.5978064
46,0.59723777
513,0.59721416
597,0.5970267
617,0.59653527
101,0.5965265
144,0.5956478
767,0.5940913
668,0.5938466
65,0.59368503
569,0.5919477
560,0.5916949
53,0.59156245
641,0.5913953
501,0.59130627
637,0.5902796
227,0.59020776
127,0.58995616
74,0.58991396
745,0.58989006
578,0.5893997
303,0.58912873
311,0.58834946
400,0.5881694
430,0.5879899
528,0.5871767
44,0.5856182
445,0.58485806
235,0.58478045
115,0.5839254
616,0.5837552
419,0.5833094
547,0.5832908
119,0.5830409
623,0.58249396
469,0.5824264
58,0.5819425
333,0.58130914
421,0.58120006
694,0.5805523
420,0.58042145
140,0.58004856
221,0.5799062
533,0.57976425
410,0.5789146
586,0.57875186
687,0.57838863
658,0.5763775
673,0.5760999
165,0.576028
279,0.57437766
160,0.57377654
233,0.57286906
715,0.5726132
94,0.5726063
479,0.5705203
335,0.5698998
405,0.5698847
760,0.5691567
695,0.56856465
659,0.5674824
263,0.5673305
205,0.5669163
302,0.56615996
177,0.5661055
191,0.5659937
384,0.5656015
247,0.5652884
703,0.56528485
317,0.5646413
12,0.56431985
260,0.5626868
740,0.5625059
100,0.5613992
643,0.56132466
413,0.55744964
253,0.557448
255,0.55641276
374,0.55466706
399,0.55386275
277,0.5518356
15,0.54991347
477,0.54730093
108,0.54673326
166,0.54576904
41,0.5456422
488,0.54513294
613,0.54380757
406,0.54374355
154,0.5430533
256,0.5430071
271,0.54126257
383,0.5410156
147,0.540871
565,0.5404724
669,0.53923684
679,0.53876257
359,0.53736615
495,0.5360648
319,0.53599197
466,0.53518605
323,0.5350661
341,0.5348858
347,0.53422016
179,0.53412175
438,0.53196645
259,0.53098255
200,0.52869844
434,0.5232171
411,0.52277607
529,0.5216029
704,0.52124065
550,0.5208176
312,0.51895016
408,0.5169375
3,0.5166839
489,0.5161292
435,0.5158598
136,0.50471014
262,0.5045214
290,0.50272375
13,0.50265276
176,0.5015164
54,0.49709597
485,0.48741093
654,0.48740765
450,0.4840221
564,0.47839925
38,0.4610054
630,0.4404227
